{"1761.一个图中连通三元组的最小度数":{"title":"1761.一个图中连通三元组的最小度数","links":["tags/leetcode","tags/图"],"tags":["leetcode","图"],"content":"1. 图的知识 §\n为了快速计算连通三元组的度数，我们可以预处理出每一个节点的度数，记为数组 degree。此时，对于一个连通三元组 (i,j,k)(i,j,k)(i,j,k)，它的度数即为：\n\ndegree(i)+degree(j)+degree(k)−6\n\n减去的 6 代表了 (i,j,k) 之间的 3 条边，每条边被计算了 2 次\n#leetcode#图"},"WSL2-&-ArchLinux-via-lxrunoffline":{"title":"WSL2 & ArchLinux via lxrunoffline","links":["scoop-相关","tags/archlinux","tags/wsl2","tags/lxrunoffline"],"tags":["archlinux","wsl2","lxrunoffline"],"content":"1. WSL2 安装 §\n启用WSL\ndism.exe /online /enable-feature /featurename:Microsoft-Windows-Subsystem-Linux /all /norestart\n启用虚拟平台\ndism.exe /online /enable-feature /featurename:VirtualMachinePlatform /all /norestart\n下载Linux内核升级包\n设置wsl2为默认版本\nwsl --set-default-version 2\n安装LxRunOffline\n先安装scoop scoop 相关\nScoop install lxrunoffline\n下载ArchLinux boot\n (ustc.edu.cn)\n安装\nlxrunoffline.exe i -n ArchLinux -d D:\\MyWSL\\ArchLinux -f .\\archlinux-bootstrap-2022.11.01-x86_64.tar.gz -r root.x86_64\n \n进入系统\nwsl -d ArchLinux\n编辑源\n# 使用explorer.exe打开编辑\n \ncd /etc/pacman.d\nexplorer.exe .\n \n# 编辑mirrorlist 文件把china源放在最上面\n \n配置pacman下载常用软件\npacman -Syy\npacman-key --init\npacman-key --populate\npacman -S base base-devel vim git wget openssh\n创建用户\nuseradd -m hanfx -G wheel\n设置密码\n# root 设置密码\npasswd\n \n# user设置密码\npasswd hanfx\n \n# 加入wheel组\nvim /etc/sudoers\n \n# 取消注释\n%wheel ALL=(ALL:ALL) ALL\n添加archlinuxcn 源\nvim /etc/pacman.conf\n \n#尾部添加\n[archlinuxcn]\nServer=https://mirrors.ustc.edu.cn/archlinuxcn/$arch\n \n# 安装密钥\npacman -Syy archlinuxcn-keyring\n \n退出wsl-archlinux\nexit\n设置wsl默认登陆用户为user\n#先使用user登录进去看user-id\nwsl -d ArchLinux -u hanfx\n \n# 查询user-id\nid\n \n# 设置默认登陆用户\nlxrunoffline.exe su -n ArchLinux -v 1000\n终端更改为zsh+zimfx\n# zsh 安装\nsudo pacman -S zsh\n \n#更改默认shell\nchsh -s /usr/bin/zsh\n \n# zimfw 安装\nwget -nv -O - https://raw.githubusercontent.com/zimfw/install/master/install.zsh | zsh\n \n#如果安装失败运行以下命令后再此执行上面的命令\nrm -rf ~/.zimrc ~/.zim ~/.zshrc\n \n# 安装powerlevel10k\nvim ~/.zimrc\n# 添加下面这段到最后一行\nzmodule romkatv/powerlevel10k\n安装Nerdfonts\nicons collection, &amp; fonts patcher\n#archlinux#wsl2#lxrunoffline"},"WindowsPowerShell常用命令":{"title":"WindowsPowerShell常用命令","links":["tags/powershell"],"tags":["powershell"],"content":"1. 解决端口占用 §\n#找出占用端口的进程号\nnetstat -ano|findstr [port]\n#通过进程名称结束进程：\ntaskkill /f /t /im $name\n#通过PID结束进程： \ntaskkill /f /t /pid $pid\n \n说明：\n\n/F 指定强制终止进程。\n/T 终止指定的进程和由它启用的子进程。\n/IM imagename 指定要终止的进程的映像名称。通配符 ’*‘可用来指定所有任务或映像名称。\n/PID processid 指定要终止的进程的 PID。使用 TaskList 取得 PID。\n\n#powershell"},"index":{"title":"Welcome to Quartz","links":["WSL2-&-ArchLinux-via-lxrunoffline"],"tags":[],"content":"\nWSL2 &amp; ArchLinux via lxrunoffline\n"},"redis基础":{"title":"redis基础","links":["tags/json序列化器","tags/genericjackson2jsonredisserializer","tags/stringredistemplate","tags/string序列化器"],"tags":["json序列化器","genericjackson2jsonredisserializer","stringredistemplate","string序列化器"],"content":"1. key的结构 §\nRedis的key允许有多个单词形成层级结构，多个单词之间使用‘:’隔开，格式如下：项目名:业务名:类型:id\n格式并非固定\neg:\n\nuser 相关的key：heima:user:1\nproduct相关的key：heima:product:1\n\n如果value是一个Java对象，例如一个Use对象，则可以将对象序列化成为JSON字符串后存储\n\n\n\n\n\n\n\n\n\n\n\n\n\n\n\n\n\nkeyvalueheima:user1:1’{“id”:1,“name”:“jack”,“age”:21}’heima:user2:2’{“id”:2,“name”:“pony”,“age”:78}’\n2. 基础类型 §\n2.1. Hash类型 §\n也叫散列，value是一个无序的字典，类似于HashMap的结构\nString 结构是将对象序列化成为JSON字符串之后存储，当需要修改对象某个字段的时候很不方便\nHash结构可以将对象中的每个字段独立存储，可以针对单个字段做CRUD\n2.2. String类型 §\nredis中最简单的存储类型，其value是字符串，不过根据字符串格式的不同，又可以分为三类：\n\nstring ：普通字符串\nint ：整数类型，可以做自增、自减操作\nfloat：浮点类型，可以做自增、自减操作\n不管是那种格式，底层都是字节数组形式存储，只不过是编码方式不同。字符串类型的最大空间不能超过512m\n常见命令：\nSET key val\nGET key\nMSET key1 val1 key2 val2 key3 val3 …\nMGET key1 key2 key3\nINCR 让一个整型的key自增一，如果不是整型，比如传入的是字符串 会抛出error:(error) ERR value is not an integer or out of range\nINCRBY：让一个整型按照指定的步长增长 eg: INCRBY age 2\nINCRBYFLOAT：让一个浮点类型的数字自增指定的步长\nSETNX ：添加一个String类型的键值对，前提是这个key不存在，否则不执行\nSETEX：添加一个String类型的键值对，并指定有效期 eg: setex name 10 jack\n\n2.3. List类型 §\nRedis 中 的list与Java 中的linkedList 类似，可以看成一个双向链表结构。既可以支持正向检索也可以支持反向检索\n特征与linkedlist类似\n\n\n有序\n元素可以重复\n插入和删除快\n查询速度一般（链表遍历查询）\nList的常见命令：\nLPUSH key element … : 向列表左侧插入一个或多个元素\nLPOP key: 移除并返回 列表左侧的第一个元素\nRPUSH key element …:  向列表右侧插入一个或多个元素\nRPOP key：移除并返回列表右侧的第一个元素\nLRANGE key star end ：返回一段角标范围内的所有元素\nBLPOP和BRPOP ：与LPOP和RPOP类似，只不过在没有元素时等待指定时间，而不是直接返回nil\n\n2.4. Set类型的常见命令 §\n\nSADD key member ： 向set中添加一个或者多个元素\nSREM key member ：移除set中的指定元素\nSCARD key ：返回set中元素的个数\nSMEMBERS：获取set中所有元素\nSISMEMBER key member ：判断一个元素是否存在于set中\nSINTER key1 key2 ：求key1与key2 的交集\nSDIFF key1 key2 ：求key1与key2 的差集\nSUNION key1 key2 ：求key1与key2的并集\n\n2.5. SortedSet类型的常见命令 §\n类似于java中的TreeSet,但是底层数据结构差别很大。\nSortedSet中的每一个元素都有score属性，可以基于score属性对元素排序,\n底层的是现实 跳表（SkipList）加 Hash表\n\nSortedSet具有以下特性\n\n可排序\n元素不重复\n查询速度快\n根据可排序特性，经常用来实现排行榜这样的功能\n常见命令\nZADD key score member：添加以恶搞或多个元素到SortedSet，如果已经存在则更新Score值\nZREM key member：删除指定元素\nZSCORE key member ：获取指定元素的score值\nZRANK key member ：获取指定元素的排名\nZCARD key ：获取元素个数\nZCOUNT key min max ：统计score值在给定范围内的所有元素个数\nZINCRBY key increment member：让sortedset中的指定元素自增，步长为指定的increment值\nZRANGE key min max：按照score排序之后，获取指定排名范围内的元素\nZRANGEBYSCORE key min max：按照score排序之后，获取指定score范围内的元素\nZDIFF、ZINTER、ZUNION：求差交并集合\n注意： 所有的排名默认升序，如果要降序则在命令的Z之后添加REV即可 比如”ZREVRANGE“\n\n3. Jedis §\njedis是线程不安全的，频繁地2创建和销毁链接会有性能损，推荐使用Jedis链接池代替直接使用Jedis\n\n4. SpringDataRedis §\nRedisTemplate 会接受任意的Object作为值写入Redis，只不过写入前把Object序列化为字节的形式，默认是采用Jdk序列化。\n缺点：\n- 内存占用大\n- 可读性差\n\n5. 序列化 §\n#json序列化器#genericjackson2jsonredisserializer\n\n缺点：存入redis的时候会将类的class类型写入json字符串，存入redis中，会带来额外的内存开销\n\n#stringredistemplate#string序列化器\n为了节省内存开销，我们不会使用json序列化器来处理value，而是统一使用String序列化器，要求只能存储String类型的Key和Value，当要存储Java对象的时候，手动进行序列化与反序列化\n\n\n6. Redis实现共享Session登陆 §\n6.1. 缓存更新策略 §\n\n内存淘汰\n过期淘汰\n\n利用expire命令给数据设置过期时间\n\n\n主动更新\n\n主动完成数据库与缓存的同时更新\n\n\n\n6.1.1. 策略选择 §\n低一致性需求：\n内存淘汰或过期淘汰\n高一致性需求：\n主动更新为主\n过期淘汰兜底\n6.1.2. 主动更新的方案 §\n\nCache Aside\n缓存调用这在更新数据库的时候同时完成对缓存的更新，一致性好，实现难度一般\nRead/Wirte Through\n缓存与数据集成为一个服务，服务保证两者的一致性，对外暴露API接口。调用者调用API，无需知道自己操作的是数据库还是缓存\n一致性优秀，实现复杂，性能一般\nWriteBack\n缓存调用者的CRUD都针对缓存完成，由独立线程异步地将缓存数据写到数据库，实现最终一致\n一致性差，性能好，实现复杂\n\n6.1.3. Cache Aside的模式选择 §\n更新缓存还是删除缓存？\n\n更新缓存会产生无效更新，并且存在较大的线程安全温馨\n删除缓存本质是延迟更新，没有无效更新，线程安全问题较低\n先操作数据库还是缓存？\n先更新数据在删除缓存 ——满足原子性的情况下，安全问题概率较低\n先删缓存再更新数据库—— 安全问题概率较高\n如何确保数据库与缓存操作原子性？\n单体系统——利用事务机制\n分布式系统——利用分布式事务机制\n\n6.1.4. 最佳实践 §\n查询数据时：\n\n先查缓存\n如果缓存命中，直接返回\n如果缓存未命中，则查询数据库\n将数据库数据写入缓存\n返回结果\n修改数据库时：\n先修改数据库\n然后删除缓存\n保证两者的原子性（加锁，demo中利用的redis的setnx命令以及redis的单线程特点）\n\n6.2. 缓存穿透 §\n\n6.2.1. 解决方案： §\n6.2.1.1. 缓存null值 §\n思路：\n对于不存在的数据也在redis中建立缓存，但是值为空，并且设置一个较短的TTL值\n优点：\n实现简单，维护方便\n缺点：\n额外的内存消耗\n短期的数据不一致问题\n6.2.2. 布隆过滤 §\n思路：\n利用布隆过滤算法，在请求进入Redis之前先判断是否存在，如果不存在则直接拒绝请求\n优点：\n内存占用少\n缺点：\n实现复杂\n存在误判可能\n6.2.2.1. 其他 §\n\n增强id的复杂度，避免被猜测id规律\n做好数据的基础格式校验\n加强用户权限校验\n做好热点参数的限流\n\n6.3. 缓存雪崩 §\n指的是同一时段大量的缓存key同时失效或者Redis服务宕机，导致大量请求到达数据库带来巨大压力\n\n解决方案：\n\n给不同的key的TTL添加随机值\n利用redis集群提高服务的可用性\n给缓存业务添加降级限流策略\n给业务添加多级缓存（nginx缓存，jvm缓存，redis缓存）\n\n6.4. 缓存击穿 §\n也叫做热点key问题，\n\n\n短时间内被高并发访问\n缓存重建耗时较长\n缓存重建业务较复杂的Key突然失效了，无数的请求访问在瞬间给数据库带来巨大的冲击\n\n解决办法\n\n互斥锁\n\n对请求的key添加互斥锁，可以借助redis的setnx(key不存在的时候才执行语句)实现\n\n\n逻辑过期\n\n存储数据到redis的时候添加一个过期时间\n\n\n\n\n7. 订单 §\n7.1. 全局ID生成 §\n全局ID生成器，是一种在分布式系统下用来生成全局唯一ID的工具，一般要满足下列特性\n\n高可用\n唯一性\n递增性\n安全性\n高性能\n\n7.1.1. 生成策略 §\n\nUUID\n\n生成16进制字符串\n\n\nRedis自增\n\n支持递增，数字类型，占用小\n\n\nsnowFlake算法 （雪花算法）\n\n不依赖redis，对于时钟依赖比较高\n\n\n数据库自增\n\n单独一张表用来存储自增ID\n\n\n\n7.1.2. Redis自增策略 §\n\n每天一个key，方便统计订单量\nID构造是 时间戳+计数器\n\n7.2. 超卖问题 §\n7.2.1. 悲观锁与乐观锁 §\n7.2.1.1. 悲观锁： §\n认为线程安全问题一定会繁盛，因此在操作数据之前先获取锁，确保线程串行执行，例如Synchronized，Locked都属于悲观锁\n\n7.2.1.2. 乐观锁： §\n认为线程安全问题不一定会发生，因此不加锁，只是在更新数据时，去判断有没有其他线程对数据做了修改\n- 如果没有修改则认为是安全的，自己才更新数据\n- 如果被其他线程修改说明发生了安全问题，因此可以重试或者异常\n\n判断之前查询得到的数据是否有被修改过，常见的方式有两种：\n\n版本号法\n\n在更新时，判断当前的库存的版本是否和自己查询的版本号是否一致\n优点：简单粗暴\n缺点：性能一般\n\n\nCAS法（Compare And Set）\n\n在更新时，判断当前库存是否和自己查询到的库存是否一致\n优点：性能好\n缺点：存在成功率低的问题\n\n\n\n7.3. 利用Redis实现分布式锁 §\n满足分布式系统或者集群模式下多进程可见并且互斥的锁\n\n\n多进程可见\n互斥\n高可用\n高性能\n安全性\n\n常见的有三种分布式锁的实现方法\n\n\n\n\n\n\n\n\n\n\n\n\n\n\n\n\n\n\n\n\n\n\n\n\n\n\n\n\n\n\n\n\n\n\n\n\n\n\n\n\n\nMySQLRedisZookeeper互斥利用MySQL本身的互斥锁机制利用setnx这样的互斥命令利用节点的唯一性和有序性实现互斥高可用好好好高性能一般好一般安全性断开链接，自动释放锁利用锁的超时时间，到期释放临时节点，断开连接自动释放获取分布式锁时需要实现的两个基本方法\n\n获取锁\n\n互斥：确保只能有一个线程获取锁\n非阻塞：尝试一次，成功返回true，失败返回false\nset lock thread1 EX 10 NX    nx是互斥，ex是过期时间\n\n\n释放锁\n\n手动释放\n超时释放：获取锁的时候添加一个超时时间\ndel key  释放锁，删除即可\n\n\n\n7.4. Redisson §\n解决分布式锁的成熟框架\n7.5. 分布式锁NPC问题 §\n8. 消息队列 §\nRedis 提供了三种不同的方式来实现消息队列\n\nList结构：基于List结构模拟消息队列\nPubSub：基本的点对点消息模型\nstream：比较完善的消息队列模型\n\n8.1. List结构的消息队列 §\nRedis的list数据结构是一个双向链表，很容易模拟出队列效果\n可以利用LPUSH 结合RPOP、或者RPUSH结合LPOP来实现\n不过要注意的是，当队列中没有消息时RPOP或LPOP操作会返回null，并不像JVM的阻塞队列那样会阻塞并等待消息。因此这里应该使用BRPOP或者BLPOP来实现阻塞效果\n优点\n\n利用Redis存储，不受限与JVM内存上限\n基于Redis的持久化机制，数据安全有保证\n可以满足消息的有序性\n缺点\n无法避免消息丢失：pop后队列中会被移除，但是如果消费者pop之后没有处理，这样就会出现消息丢失的问题\n只支持单消费者\n\n8.2. PubSub实现的消息队列 §\nPubsub(发布订阅) 是Redis2.0版本引入的消息传递模型。消费者可以订阅一个或者多个channel，生产者向对应channel发送信息后，所有订阅者都能收到相关消息\n\n\nSUBSCRIBE channel [channel] ：订阅一个频道\nPUBLISH channel msg：向一个频道发送消息\nPSUBSCRIBE patternp[pattern]：订阅与pattern格式匹配的所有频道\n\n8.2.1. 优缺点： §\n优点\n\n基于发布订阅模型，支持多生产、多消费\n缺点：\n不支持数据持久化\n无法避免消息丢失\n消息堆积存在上限，超出时数据丢失\n\n8.3. 基于Stream的消息队列 §\nStream是Redis5.0引入的一种新的数据类型，可以实现一个功能非常完善的消息队列\nstream类型消息队列的Xread的命令特点：\n\n消息可回溯\n一个消息可以被多个消费者堆区\n可以阻塞读取\n有消息漏读的风险\n\n8.3.1. 消费者组 §\n将多个消费这划分到一个组，监听同一个队列。具备下列特点\n\n\n消息分流：队列中的消息会分流给组内的不同消费者，而不是重复的消费，从而加快消息处理的速度\n消息标识：消费者组会维护一个标识，记录最后一个被处理的消息，哪怕消费者宕机重启，还会从标识之后读取消息，确保每一个消费者都会被消费\n消息确认：消费者获取消息之后，消费处于pending状态，并存入一个pending-list。当处理完成之后需要通过XACK来确认消息，标记消息为已处理，才会从pending-list移除\n\nXGROUP CREATE key groupname ID [MKSTREAM]\n\nkey 队列名称\ngroupname 消费者组名称\nID：启始ID标识，$代表队列中最后一个消息，0表示对类中第一个消息\nMKSTREAM：队列不存在时自动创建队列\n其他命令：\n\n# 删除指定的消费者组\nXGROUP DESTROY key groupname\n \n# 给指定的消费者组添加消费者\nXGROUP CREATECONSUMER key groupname consumername\n \n# 删除消费者组中指定的消费者\nXGROUP DELCONSUMER key groupname consumername\n8.3.1.1. 从消费者组读取消息 §\nXREADGROUP GROUP group consumer [COUNT count] [BLOCK milliseconds] [NOACK] STREAMS key [key...] ID [ID...]\n\ngroup ：消费者组名称\nconsumer：消费者名称，如果消费者不存在，会自动创建一个消费者\ncount： 本次查询的最大数量\nBLOCK milliseconds：当没有消息时的最长等待时间\nNOACK：无需手动ACK，获取到消息之后自动确认\nSTREAM key：指定队列名称\nID：获取消息的起始ID：\n\n”&gt;“：从下一个未消费的消息开始\n其他：根据指定id从pending-list中获取已消费但未确认的消息，例如0，是从pending-list中的第一个消息开始\n\n\n\n8.3.2. 优缺点 §\n优点：\n\n支持多消费者消费，加快消费时间\n支持阻塞读取\n支持消息回溯\n没有漏读风险，使用pending-list解决\n有消息确认机制，确保每条消息都被读取至少一次\n缺点：\n只支持消费者确认，不支持生产者确认\n没有事务机制\n无法确保多消费者下的事务的有序性\n能持久化但是依赖的是redis的持久化，redis的持久化是有丢失风险的\n"},"scoop-相关":{"title":"scoop 相关","links":["tags/scoop"],"tags":["scoop"],"content":"Scoop windows 安装与配置 §\n1. Scoop安装 §\nInvoke-Expression (New-Object System.Net.WebClient).DownloadString(&#039;https://get.scoop.sh&#039;)\n \n# or shorter\niwr -useb get.scoop.sh | iex\n可能会碰到powershell的组权限问题\nSet-ExecutionPolicy RemoteSigned -scope CurrentUser\n##test\n设置环境变量，安装到自定义目录\n$env:SCOOP=&#039;D:\\Applications\\Scoop&#039;\n[Environment]::SetEnvironmentVariable(&#039;SCOOP&#039;,$env:SCOOP,&#039;User&#039;)\n \n##global app\n$env:SCOOP_GLOBAL=&#039;D:\\Applications\\Scoop\\globalapp&#039;\n[environment]::setEnvironmentVariable(&#039;SCOOP_GLOBAL&#039;,$env:SCOOP_GLOBAL,&#039;Machine&#039;)\n \n设置代理\nscoop config proxy 127.0.0.1:{port}\n安装需要用到的bucket\n# 先安装git,才能添加bucket\nscoop install git\n \nscoop bucket add extras\n#scoop"}}