<?xml version="1.0" encoding="UTF-8" ?>
<rss version="2.0">
    <channel>
      <title>Han's Notes</title>
      <link>https://quartz.jzhao.xyz</link>
      <description>Recent content on Han's Notes</description>
      <generator>Quartz -- quartz.jzhao.xyz</generator>
      <item>
    <title>1761.一个图中连通三元组的最小度数</title>
    <link>https://quartz.jzhao.xyz/1761.一个图中连通三元组的最小度数</link>
    <guid>https://quartz.jzhao.xyz/1761.一个图中连通三元组的最小度数</guid>
    <description></description>
    <pubDate>Thu, 31 Aug 2023 00:00:00 GMT</pubDate>
  </item><item>
    <title>WSL2 & ArchLinux via lxrunoffline</title>
    <link>https://quartz.jzhao.xyz/WSL2-&-ArchLinux-via-lxrunoffline</link>
    <guid>https://quartz.jzhao.xyz/WSL2-&-ArchLinux-via-lxrunoffline</guid>
    <description></description>
    <pubDate>Thu, 31 Aug 2023 00:00:00 GMT</pubDate>
  </item><item>
    <title>WindowsPowerShell常用命令</title>
    <link>https://quartz.jzhao.xyz/WindowsPowerShell常用命令</link>
    <guid>https://quartz.jzhao.xyz/WindowsPowerShell常用命令</guid>
    <description></description>
    <pubDate>Thu, 31 Aug 2023 00:00:00 GMT</pubDate>
  </item><item>
    <title>Welcome to Quartz</title>
    <link>https://quartz.jzhao.xyz/</link>
    <guid>https://quartz.jzhao.xyz/</guid>
    <description> WSL2 &amp; ArchLinux via lxrunoffline .</description>
    <pubDate>Thu, 31 Aug 2023 13:26:26 GMT</pubDate>
  </item><item>
    <title>redis基础</title>
    <link>https://quartz.jzhao.xyz/redis基础</link>
    <guid>https://quartz.jzhao.xyz/redis基础</guid>
    <description></description>
    <pubDate>Thu, 31 Aug 2023 00:00:00 GMT</pubDate>
  </item><item>
    <title>scoop 相关</title>
    <link>https://quartz.jzhao.xyz/scoop-相关</link>
    <guid>https://quartz.jzhao.xyz/scoop-相关</guid>
    <description></description>
    <pubDate>Thu, 31 Aug 2023 00:00:00 GMT</pubDate>
  </item>
    </channel>
  </rss>